n,lambda,iters,graph_seconds,diffusion_seconds,raw_accuracy,regularized_accuracy
1000,0.01,10,0.2170,0.1332,0.5083,0.5078
1000,100.0,10,0.1810,0.1081,0.5083,0.5078
1000,500.0,10,0.1925,0.1143,0.5083,0.4998
1000,1000.0,10,0.1851,0.1056,0.5083,0.5237
1000,20,10.0,10,0.0829,0.1365,0.5083,0.5344
2000,20,10.0,10,0.0965,0.2120,0.5545,0.5910
2000,10,10.0,10,0.0872,0.1895,0.5545,0.5835
2000,40,10.0,10,0.2036,0.3538,0.5545,0.5678
2000,10,5.0,10,0.1328,0.2154,0.5545,0.6028
2000,20,10.0,10,0.1072,0.2339,0.5545,0.5910
2000,40,20.0,10,0.1317,0.3167,0.5545,0.5654
2000,10,5.0,10,0.2111,0.2031,0.5545,0.6028
2000,10,5.0,10,0.0916,0.1918,0.5242,0.5575
2000,20,10.0,10,0.0982,0.2218,0.5242,0.5297
2000,40,20.0,10,0.1175,0.3091,0.5242,0.5120
2000,10,5.0,10,0.1154,0.1940,0.5361,0.5388
5000,10,5.0,10,0.2575,0.5644,0.5160,0.5562
10000,10,5.0,10,0.6227,1.2207,0.5214,0.5472
